Title|PageID|Source
|0|
Databases|604588|
Databases by continent|0|
Databases by country|0|
Databases by subject|0|
Types of databases|0|
Database APIs|0|
Cloud databases|0|
Database companies|0|
Database algorithms|0|
Database constraints|32874284|
Database engines|0|
Database management systems|1288844|
Desktop database application development tools|0|
Ideas banks|5846330|
Database law|0|
Database models|10973520|
NewSQL|37256799|
Database normalization|8640|
NoSQL|23968131|
Online databases|11681496|
Query languages|494531|
Database security|4689778|
Database servers|1916486|
Sex offender registration|45538778|
Ship registration|26280047|
Database specialists|0|
Database theory|1093623|
Transaction processing|212409|
Database stubs|0|
Databases in Africa|0|
Databases in Asia|0|
Databases in Europe|0|
Databases in North America|0|
Databases in Oceania|0|
Databases in South America|0|
Government databases|11901301|
Government databases of the European Union|0|
Databases in Australia|0|
Databases in Belgium|0|
Databases in Brazil|0|
Databases in Canada|0|
Databases in Serbia|0|
Databases in Denmark|0|
Databases in Ethiopia|0|
Databases in France|0|
Databases in Germany|0|
Databases in Iceland|0|
Databases in India|0|
Databases in Iran|0|
Databases in Iraq|0|
Databases in Ireland|0|
Databases in the Republic of Ireland|0|
Databases in Japan|0|
Databases in the Netherlands|0|
Databases in Pakistan|0|
Databases in Poland|0|
Databases in Portugal|0|
Databases in Russia|0|
Databases in South Africa|0|
Databases in Sweden|0|
Databases in Switzerland|0|
Databases in Syria|0|
Databases in Taiwan|0|
Databases in Ukraine|0|
Databases in the United Kingdom|0|
Databases in the United States|0|
Architecture databases|0|
Arts databases|0|
Astrological databases|0|
Bibliographic databases and indexes|0|
Economic databases|0|
Entertainment databases|0|
Internet databases|0|
Law databases|0|
Literature databases|0|
Mathematical databases|0|
Person databases|0|
Philosophical databases|0|
Political databases|0|
Religion databases|0|
Scholarly databases|0|
Scientific databases|0|
Security databases|0|
Ship databases|0|
Sports databases|0|
Statistical databases|0|
Translation databases|0|
Big data|27051151|https://upload.wikimedia.org/wikipedia/commons/thumb/7/7c/Hilbert_InfoGrowth.png/100px-Hilbert_InfoGrowth.png
Blockchains|47029179|
Creative Commons-licensed databases|0|
Document-oriented databases|0|
Full text databases|0|
Graph databases|34544468|
Knowledge bases|0|
Public domain databases|0|
Real-time databases|0|
Spatial databases|0|
Temporal databases|45555191|
Tz database|4502354|https://upload.wikimedia.org/wikipedia/commons/thumb/8/88/Tz_world_mp-color.svg/100px-Tz_world_mp-color.svg.png
XML databases|17602672|
Big data companies|0|
Database providers|0|
Join algorithms|0|
Lists of database management software|0|
Database management systems by license|0|
Bigtable implementations|0|
Data access technologies|0|
Database administration tools|0|
Database caching|14158342|
Database management systems by process model|0|
Database-related software for Linux|0|
Directory services|334645|
Embedded databases|0|
Key-value databases|0|
MacOS database-related software|0|
Microsoft database software|0|
Object-oriented database management systems|0|
Object-relational mapping|59202|
Online analytical processing|189239|
Persistent programming languages|0|
Relational database management systems|1616112|
Spatial database management systems|0|
SQL|29004|
Windows database-related software|0|
Database software stubs|0|
Entity–relationship model|752991|https://upload.wikimedia.org/wikipedia/commons/thumb/7/72/ER_Diagram_MMORPG.png/100px-ER_Diagram_MMORPG.png
Relational model|26220|https://upload.wikimedia.org/wikipedia/commons/thumb/d/da/Relational_Model.svg/100px-Relational_Model.svg.png
NoSQL companies|0|
NoSQL products|0|
Aggregation websites|0|
Online archives|0|
Online botany databases|0|
Online catalogues|0|
Online comic databases|0|
Digital libraries|1395468|
Early modern printing databases|0|
Online film databases|0|
Full text scholarly online databases|0|
Online game databases|0|
Internet resources on heraldry|0|heraldry
Internet search engines|15605469|
Online law databases|26319716|
Online music and lyrics databases|31139939|
Online person databases|0|
Project hosting websites|0|
Online real estate databases|0|
RDF data access|0|
SPARQL|2574343|https://upload.wikimedia.org/wikipedia/commons/thumb/e/ed/W3C%C2%AE_Icon.svg/100px-W3C%C2%AE_Icon.svg.png
XML data access|0|
Data breaches|51121886|
Sex offender registries in the United States|47705003|https://upload.wikimedia.org/wikipedia/commons/thumb/5/5b/Greater_coat_of_arms_of_the_United_States.svg/95px-Greater_coat_of_arms_of_the_United_States.svg.png
Sex offenders in Florida|0|
Database researchers|0|
Transactional memory|4006429|
Biological database stubs|0|
Terrorism databases|55540185|
Law enforcement databases|0|
Government databases in Australia|0|
Government databases in Canada|0|
Government databases in Denmark|0|
Government databases in France|0|
Government databases in Japan|0|
Pollutant release inventories and registers|0|
Government databases in the United Kingdom|0|
Government databases in the United States|0|
Databases in England|0|
Databases in Scotland|0|
Databases in Wales|0|
Geographical databases in the United Kingdom|0|
Citation indices|24447320|
Bibliographic database providers|0|
Bibliographic databases in computer science|0|
Bibliographic databases in engineering|0|
Catalogues|4524699|
Book databases|0|
Game databases|0|
Music databases|22798208|
Theatre databases|0|
World record databases|0|
Genealogy databases|0|
Voter databases|0|
Full text scholarly databases|0|
Medical databases|0|
Aeronautical databases|0|
Agricultural databases|0|
Archaeological databases|0|
Astronomical databases|0|
Biological databases|393106|
Chemical databases|2868341|
Crystallographic databases|18011606|
Environmental science databases|0|
Forensic databases|0|
Geographical databases|0|
Thermodynamics databases|0|
Surveillance databases|0|
Lexical databases|0|
Big data products|0|
Computational fields of study|0|
Machine to machine|3867338|
Ethereum|41754003|
Resource Description Framework|53847|ription Framework
Tz time zones in the United States|0|
Database software comparisons|0|
Free database management systems|0|
Proprietary database management systems|0|
ADO.NET Data Access technologies|0|
Database access protocols|0|
SQL data access|0|
Client-server database management systems|0|
Serverless database management systems|0|
Column-oriented DBMS software for Linux|0|
ORDBMS software for Linux|0|
PIM-software for Linux|0|
RDBMS software for Linux|0|
Active Directory|2807|
Interbase|461965|
PIM-software for MacOS|0|
Data-centric programming languages|0|
Oracle Database|323725|
PostgreSQL|23824|https://upload.wikimedia.org/wikipedia/commons/thumb/2/29/Postgresql_elephant.svg/97px-Postgresql_elephant.svg.png
Articles with example SQL code|0|
MySQL|19545|
SQL keywords|349951|
PIM-software for Windows|0|
Aggregation-based digital libraries|0|
News aggregators|794933|
Review websites|14805044|
Academic journal online publishing platforms|0|
Eprint archives|0|
Heritage Documentation Programs|1606205|https://upload.wikimedia.org/wikipedia/commons/thumb/2/25/Historic_American_Buildings_Survey_%28HABS%29_Team.jpg/75px-Historic_American_Buildings_Survey_%28HABS%29_Team.jpg
Open-access archives|0|
WikiLeaks|8877168|https://upload.wikimedia.org/wikipedia/commons/thumb/e/e7/Wikileaks_logo.svg/43px-Wikileaks_logo.svg.png
Commercial digital libraries|0|
Corpora|1651003|
Digital library projects|42636321|
Digital library software|0|
Discipline-oriented digital libraries|0|
Geographic region-oriented digital libraries|0|
Google Books|3190097|https://upload.wikimedia.org/wikipedia/commons/thumb/3/38/Google_Books_logo_2015.PNG/100px-Google_Books_logo_2015.PNG
Language-oriented digital libraries|0|
Library 2.0|2983517|
Mass digitization|0|
Web archiving initiatives|0|
World Digital Library|3225920|https://upload.wikimedia.org/wikipedia/commons/thumb/d/df/World_Digital_Library_Logo_2008-04-24.png/82px-World_Digital_Library_Logo_2008-04-24.png
Video game review aggregators|0|
Internet search algorithms|0|
Baidu|1676048|https://upload.wikimedia.org/wikipedia/commons/thumb/f/f6/Baidu_Campus.jpg/100px-Baidu_Campus.jpg
Bing|23443579|
Blog search engines|0|
Code search engines|0|
Defunct internet search engines|0|
Domain-specific search engines|0|
Employment websites|0|
Google|1092923|https://upload.wikimedia.org/wikipedia/commons/thumb/0/0e/Googleplex-Patio-Aug-2014.JPG/100px-Googleplex-Patio-Aug-2014.JPG
Human edited search engines|12585944|
Metasearch engines|18935524|
Music search engines|0|
Online Scripture Search Engine|0|
Pay per click search engines|0|
Personalized search|28010520|
Product searching websites|0|
Search engine optimization|187946|
Social search|6843345|
Yahoo!|188213|
Yandex|3099107|https://upload.wikimedia.org/wikipedia/commons/thumb/9/91/Yandex_logo_en.svg/100px-Yandex_logo_en.svg.png
Search engine website stubs|0|
Free Access to Law Movement|2366055|
Patent search services|0|
AllMusic|697535|
MusicBrainz|20797|https://upload.wikimedia.org/wikipedia/commons/thumb/9/91/MusicBrainz_Logo_2016.svg/100px-MusicBrainz_Logo_2016.svg.png
Online music database clients|0|
Open-source software hosting facilities|0|ware hosting facilities
Data breaches in the United States|0|
Email hacking|35345007|https://upload.wikimedia.org/wikipedia/commons/thumb/5/59/OPSEC_--_Do_you_yahoo....jpg/100px-OPSEC_--_Do_you_yahoo....jpg
Identity theft incidents|0|
Panama Papers|50034356|https://upload.wikimedia.org/wikipedia/commons/thumb/4/40/Countries_implicated_in_the_Panama_Papers.svg/100px-Countries_implicated_in_the_Panama_Papers.svg.png
Paradise Papers|55718325|https://upload.wikimedia.org/wikipedia/commons/thumb/e/ee/Countries_implicated_in_the_Paradise_Papers.svg/100px-Countries_implicated_in_the_Paradise_Papers.svg.png
Law enforcement databases in the United States|0|
Greenhouse gas inventories|0|
Defense Technical Information Center|12966709|https://upload.wikimedia.org/wikipedia/commons/thumb/9/97/US-DefenseTechnicalInformationCenter-Seal.svg/95px-US-DefenseTechnicalInformationCenter-Seal.svg.png
Heritage registers in England|0|
Heritage registers in Scotland|0|
Legal citators|0|
EBSCO Industries|30864833|
Institute of Electrical and Electronics Engineers|56938|
ProQuest|218672|https://upload.wikimedia.org/wikipedia/commons/thumb/2/20/ProQuest_Building_Ann_Arbor2.JPG/100px-ProQuest_Building_Ann_Arbor2.JPG
Thomson Reuters|11271100|https://upload.wikimedia.org/wikipedia/commons/thumb/b/be/Bay_Adelaide_Centre_3.jpg/75px-Bay_Adelaide_Centre_3.jpg
Astronomical catalogues|1591248|
Music catalogues|0|
logues|0|
Chess databases|0|
Guinness World Records|100796|
Orthopaedic registries|0|
Biodiversity databases|0|
Biotechnology databases|0|
Cancer genome databases|0|
National DNA databases|0|
Ecological databases|0|
Fisheries databases|0|
Food databases|0|
Gene banks|4409012|
Genetic epidemiology|16017459|
Metabolomic databases|0|
Model organism databases|50968824|
Hadoop|31260470|
Algorithmic art|4878340|https://upload.wikimedia.org/wikipedia/en/thumb/a/ae/Octopod_by_syntopia.jpg/100px-Octopod_by_syntopia.jpg
Artificial life|36122619|https://upload.wikimedia.org/wikipedia/commons/thumb/c/c5/Braitenberg_vehicle_%28simulation_made_with_breve%29.jpg/100px-Braitenberg_vehicle_%28simulation_made_with_breve%29.jpg
Automata (computation)|0|
Cellular automata|23860945|
Chaos theory|6295|https://upload.wikimedia.org/wikipedia/commons/thumb/5/5b/Lorenz_attractor_yb.svg/100px-Lorenz_attractor_yb.svg.png
Cheminformatics|575697|
Complex systems theory|11928673|
Computational anatomy|48520204|
Computational archaeology|171644|
Computational astronomy|0|
Computational biology|149353|
Computational chemistry|6019|
Computational complexity theory|7543|
Computational electromagnetics|3849994|
Computational fluid dynamics|305924|https://upload.wikimedia.org/wikipedia/commons/thumb/5/54/Rayleigh-Taylor_instability.jpg/100px-Rayleigh-Taylor_instability.jpg
Computational geometry|176927|
Computational mathematics|10433833|
Computational neuroscience|271430|
Computational physics|106418|https://upload.wikimedia.org/wikipedia/commons/thumb/5/54/Rayleigh-Taylor_instability.jpg/100px-Rayleigh-Taylor_instability.jpg
Digital humanities|3900832|https://upload.wikimedia.org/wikipedia/commons/thumb/9/9b/Pride_and_Prejudice_in_Voyant_Tools.png/100px-Pride_and_Prejudice_in_Voyant_Tools.png
Digital signal processing|8525|
RSS|93489|https://upload.wikimedia.org/wikipedia/en/thumb/4/43/Feed-icon.svg/100px-Feed-icon.svg.png
Triplestores|0|
Web Ontology Language|248001|
Firebird|181721|
MariaDB|24960699|
IBM DB2|54697714|
Sybase|198688|https://upload.wikimedia.org/wikipedia/commons/thumb/4/4c/Sybase-SAP_FINAL_logo.png/100px-Sybase-SAP_FINAL_logo.png
News aggregator software|0|
Book review websites|0|
Charity review websites|0|
Film review websites|0|
Music review websites|0|
Recommender systems|1648438|
Video game review websites|0|
Historic American Buildings Survey|35194124|
Historic American Engineering Record|1606211|
Historic American Landscapes Survey|4891067|
Heritage Documentation Programs images|0|
Lists of bridges documented by the Historic American Engineering Record|0|
Institutional repository software|0|
Web Gallery of Art|7830283|https://upload.wikimedia.org/wikipedia/commons/thumb/3/39/Web_gallery_of_art_screen.JPG/100px-Web_gallery_of_art_screen.JPG
Information published by WikiLeaks|52041348|
Julian Assange|26033941|https://upload.wikimedia.org/wikipedia/commons/thumb/1/17/RUEDA_DE_PRENSA_CONJUNTA_ENTRE_CANCILLER_RICARDO_PATI%C3%91O_Y_JULIAN_ASSANGE_-_14953880621.jpg/66px-RUEDA_DE_PRENSA_CONJUNTA_ENTRE_CANCILLER_RICARDO_PATI%C3%91O_Y_JULIAN_ASSANGE_-_14953880621.jpg
The Wikileaks Party politicians|0|
Archaeological corpora|0|
English Corpora|0|
Social cataloging applications|18621761|
World Digital Library exhibits|0|
World Digital Library partners|0|
Link analysis|29420000|
Baidu people|0|
Defunct code search engines|0|
Comparison shopping websites|0|
Scholarly search services|0|
Employment websites in India|0|
Monster.com|2045314|https://upload.wikimedia.org/wikipedia/commons/thumb/a/a7/Monstercom-hyderabad-office.jpg/80px-Monstercom-hyderabad-office.jpg
Rozee.pk|50635974|https://upload.wikimedia.org/wikipedia/en/thumb/1/10/Rozee.pk_old_logo.png/100px-Rozee.pk_old_logo.png
Google.org|7043619|
Google lists|0|
Google acquisitions|30127003|
AlphaGo|49242352|
Criticism of Google|9874319|
Google events|0|
Games on Google platforms|0|
Google Art Project|30720880|https://upload.wikimedia.org/wikipedia/commons/thumb/c/c1/Screenshot_Google_Art_Project_Manet_Wintergarten.jpg/100px-Screenshot_Google_Art_Project_Manet_Wintergarten.jpg
Google litigation|45690506|
Google Nexus|28279387|https://upload.wikimedia.org/wikipedia/commons/thumb/6/6b/Nexus_6P.png/100px-Nexus_6P.png
Google people|0|
Google services|5160482|
Google software|0|
GV companies|0|
Works about Google|0|
Google X|49092496|
Google Lunar X Prize|13251031|https://upload.wikimedia.org/wikipedia/commons/thumb/5/5c/Back_to_the_Moon_for_Good_%28EN_trailer%29.webm/100px--Back_to_the_Moon_for_Good_%28EN_trailer%29.webm.jpg
Google stubs|0|
Google templates|0|
Black hat search engine optimization|0|
Search engine optimization consultants|0|
Knowledge markets|0|
Yahoo! acquisitions|0|
Yahoo! Advertising|24834701|
Yahoo! co-branded ISPs|0|
Yahoo! community websites|0|
Discontinued Yahoo! services|0|
Yahoo! Games|1002731|
Hacking of Yahoo!|0|
Yahoo! instant messaging clients|0|
Yahoo! international|0|
Yahoo! litigation|35062788|
Yahoo! Mail|646788|
Yahoo! News|1560005|https://upload.wikimedia.org/wikipedia/commons/thumb/d/d2/Yahoo%21News.png/100px-Yahoo%21News.png
Original programs distributed by Yahoo!|0|
Yahoo! people|0|
Yahoo! Search|1620022|
Tumblr|18701436|
Discontinued open-source software hosting facilities|0|ware hosting facilities
GitHub|18545292|
People named in the Panama Papers|0|
English Heritage|99308|https://upload.wikimedia.org/wikipedia/commons/thumb/a/ae/EnglishHeritageLogo.svg/100px-EnglishHeritageLogo.svg.png
Historic England|18056226|
Registered historic battlefields in England|0|
Listed buildings in England|30303357|https://upload.wikimedia.org/wikipedia/commons/thumb/0/03/Map_of_England_within_the_United_Kingdom.svg/64px-Map_of_England_within_the_United_Kingdom.svg.png
National Heritage List for England|32178591|
Scheduled Monuments in England|0|
Structures on the Heritage at Risk register|0|
Inventory of Gardens and Designed Landscapes|29549838|
Inventory of Historic Battlefields in Scotland|30174574|
Listed buildings in Scotland|30300609|
Scheduled Ancient Monuments in Scotland|0|
IEEE awards|0|
IEEE conferences|48323820|
IEEE people|0|
Presidents of the IEEE|0|
IEEE publications|0|
IEEE standards|0|
IEEE societies|0|
IEEE technical councils|0|
Reuters|18998750|https://upload.wikimedia.org/wikipedia/commons/thumb/9/9c/Reuters-Building-30SC.JPG/100px-Reuters-Building-30SC.JPG
Astronomical surveys|12361759|
Astronomical catalogues of galaxies|0|
Astronomical catalogues of galaxy clusters|0|
Astronomical catalogues of nebulae|0|
Astronomical catalogues of planets|0|
Astronomical catalogues of stars|0|
Star atlases|0|
2MASS objects|0|
Ancient Greek astronomical works|0|
Bayer objects|0|
Caldwell objects|18777462|
Cambridge surveys of radio sources|0|
CFBDS objects|0|
DENIS objects|0|
ESO objects|0|
Flamsteed objects|0|
Gould objects|0|
IC objects|36767364|
IRAS catalogue objects|0|
Messier objects|319903|
NGC objects|28710622|
ROSAT objects|0|
SDSS objects|0|
Trumpler catalog|0|
UGPS objects|0|
ULAS objects|0|
WISE objects|0|
Astronomical catalogue stubs|0|
Entomological databases|0|
Genetic epidemiologists|0|
Artificial life in fiction|0|
Digital organisms|452643|
Emergence|37436|https://upload.wikimedia.org/wikipedia/commons/thumb/c/c2/SnowflakesWilsonBentley.jpg/78px-SnowflakesWilsonBentley.jpg
Artificial life models|0|
Researchers of artificial life|0|
Self-replication|29549|https://upload.wikimedia.org/wikipedia/commons/thumb/e/e4/DNA_chemical_structure.svg/86px-DNA_chemical_structure.svg.png
Virtual babies|0|
Virtual pets|1351058|
Finite automata|408881|
Turing machine|30403|https://upload.wikimedia.org/wikipedia/commons/thumb/a/a2/Automata_theory.svg/100px-Automata_theory.svg.png
Cellular automata in popular culture|31308294|
Cellular automatists|0|
Cellular automaton patterns|0|
Cellular automaton rules|0|
Cellular automaton software|0|
Fractals|10906|
Chaotic maps|0|
Nonlinear systems|501472|
Self-organization|286947|https://upload.wikimedia.org/wikipedia/commons/thumb/3/3f/Nb3O7%28OH%29_self-organization2.jpg/100px-Nb3O7%28OH%29_self-organization2.jpg
Chaos theorists|0|
Chemistry software|0|
Complex dynamics|650518|
Complex systems scientists|0|
Complexity economics|8503698|https://upload.wikimedia.org/wikipedia/commons/thumb/e/eb/Supply-demand-right-shift-demand.svg/100px-Supply-demand-right-shift-demand.svg.png
Measures of complexity|0|
Systems science|659757|https://upload.wikimedia.org/wikipedia/commons/thumb/9/90/Systems_thinking_about_the_society.svg/100px-Systems_thinking_about_the_society.svg.png
Systems journals|0|
Virtual observatories|0|
Bioinformatics|4214|https://upload.wikimedia.org/wikipedia/commons/thumb/4/43/Genome_viewer_screenshot_small.png/91px-Genome_viewer_screenshot_small.png
Fellows of the International Society for Computational Biology|0|
Computational chemistry software|0|
Computational chemists|0|
Electronic structure methods|0|
Force fields|2075509|
Molecular dynamics|198608|https://upload.wikimedia.org/wikipedia/commons/thumb/4/42/Cudeposition.gif/84px-Cudeposition.gif
Analysis of algorithms|2230|https://upload.wikimedia.org/wikipedia/commons/thumb/7/7e/Comparison_computational_complexity.svg/100px-Comparison_computational_complexity.svg.png
Circuit complexity|7641969|
Complexity classes|1198932|
Computational hardness assumptions|9387880|
Computational problems|4594727|
Computational resources|8031996|
Descriptive complexity|20188792|
NP-complete problems|180341|
Parameterized complexity|603026|
Quantum complexity theory|24092190|
Quantum computing|25220|https://upload.wikimedia.org/wikipedia/commons/thumb/f/f4/Bloch_Sphere.svg/88px-Bloch_Sphere.svg.png
Strongly NP-complete problems|0|
Structural complexity theory|20188597|https://upload.wikimedia.org/wikipedia/commons/thumb/9/9e/Polynomial_time_hierarchy.svg/71px-Polynomial_time_hierarchy.svg.png
Theorems in computational complexity theory|0|
Electromagnetic simulation software|0|
Turbulence models|23872322|
Convex hull algorithms|11700432|
Geometric algorithms|53853534|
Geometric data structures|0|
Triangulation (geometry)|1440970|
Computer algebra|23659805|
Computational number theory|511466|
Computational statistics|15832717|https://upload.wikimedia.org/wikipedia/commons/thumb/1/1a/London_School_of_Economics_Statistics_Machine_Room_1964.jpg/70px-London_School_of_Economics_Statistics_Machine_Room_1964.jpg
Computational topology|1248833|
Artificial intelligence|1164|https://upload.wikimedia.org/wikipedia/commons/thumb/d/de/Complex_systems_organizational_map.jpg/100px-Complex_systems_organizational_map.jpg
Artificial neural networks|938690|
Neural coding|6147487|
Neurotechnology|987320|
Computational particle physics|17156914|
Computational physicists|0|
Cosmological simulation|0|
Lattice models|6035789|
Monte Carlo methods|508095|
Physics software|0|
Digital history projects|0|
Digital Humanities Centers|0|
Digital humanities projects|0|
Text Encoding Initiative|753916|https://upload.wikimedia.org/wikipedia/commons/thumb/5/5b/Text_Encoding_Initiative_TEI-800.jpg/100px-Text_Encoding_Initiative_TEI-800.jpg
Acoustic fingerprinting|6763187|
Audio editors|5675682|
Digital signal processors|154510|
Discrete transforms|0|
FFT algorithms|0|
Geometry processing|2214847|
Image processing|76332|
Multidimensional signal processing|44235392|
Pitch modification software|0|
Speech processing|28448|
Speech recognition|29468|
Time–frequency analysis|857897|
Video processing|8484224|
Voice technology|0|
Wavelets|588081|
Free news aggregators|0|
News aggregators that use GTK+|0|
Film criticism online|0|
Netflix|175537|
GameSpy|1008271|
IGN|5519297|https://upload.wikimedia.org/wikipedia/commons/thumb/f/f6/IGN_Entertainment_Logo.svg/100px-IGN_Entertainment_Logo.svg.png
Historic American Buildings Survey by state|0|
Historic American Buildings Survey in Washington, D.C.|0|
Historic American Buildings Survey in Guam|0|
Historic American Buildings Survey in Puerto Rico|0|
Historic American Buildings Survey in the United States Virgin Islands|0|
Historic American Engineering Record by state|0|
Historic American Engineering Record in Washington, D.C.|0|
Historic American Engineering Record in Guam|0|
Historic American Engineering Record in Puerto Rico|0|
Historic American Engineering Record in the United States Virgin Islands|0|
Historic American Landscapes Survey by state|0|
Historic American Landscapes Survey in Washington, D.C.|0|
Free institutional repository software|0|
United States diplomatic cables leak|29787741|
Amarna letters|733355|https://upload.wikimedia.org/wikipedia/commons/thumb/a/ae/Amarna_Akkadian_letter.png/64px-Amarna_Akkadian_letter.png
Cylinder and impression seals in archaeology|0|
Biblioteca Nacional de Chile|11433513|https://upload.wikimedia.org/wikipedia/commons/thumb/a/aa/Biblioteca_Nacional_de_Chile_%28Vista_Frontal%29.JPG/100px-Biblioteca_Nacional_de_Chile_%28Vista_Frontal%29.JPG
Travel ticket search engines|0|
YouTube-related lists|0|
Discontinued Google acquisitions|0|
Google Doodles|10932542|
Android (operating system) games|0|
Google Chrome games|0|
Gigapixel images from the Google Art Project|0|
Google Art Project works by artist|0|
Google Art Project works by collection|0|
Directors of Google|0|
Google employees|0|
Discontinued Google services|40568862|
Gmail|569005|
Google Search|12431|https://upload.wikimedia.org/wikipedia/commons/thumb/9/96/Google_web_search.png/100px-Google_web_search.png
Google Maps|1494648|
YouTube|3524766|
Discontinued Google software|0|
Google Chrome|19133401|
Google operating systems|0|
Books about Google|0|
Films about Google|0|
Verily|50795134|
Google search templates|0|
Question-and-answer websites|0|
Stack Exchange network|0|
Directors of Yahoo!|0|
Yahoo! employees|0|
Germany|11867|https://upload.wikimedia.org/wikipedia/en/thumb/b/ba/Flag_of_Germany.svg/100px-Flag_of_Germany.svg.png
